
<!DOCTYPE hibernate-mapping PUBLIC
        "-//Hibernate/Hibernate Mapping DTD 3.0//EN"
        "http://hibernate.sourceforge.net/hibernate-mapping-3.0.dtd">

<hibernate-mapping package="com.tour.entity">
	<class name="user" table="user" lazy="true">
		<id name="id" column="id" >
			<generator class="identity">
				
			</generator>
		</id>
		
	
		<property name="name" column="name" >
		<!-- <column name="" sql-type=""></column> -->
		</property>
        <property name="phone" column="phone"></property>
        <property name="email" column="email" ></property>
        <property name="password" column="password" ></property>
		<property name="address" column="address" ></property>
	 
	</class>
</hibernate-mapping>